/*
SQLyog Ultimate v8.32 
MySQL - 8.0.12 : Database - zhulin
*********************************************************************
*/

/*!40101 SET NAMES utf8 */;

/*!40101 SET SQL_MODE=''*/;

/*!40014 SET @OLD_UNIQUE_CHECKS=@@UNIQUE_CHECKS, UNIQUE_CHECKS=0 */;
/*!40014 SET @OLD_FOREIGN_KEY_CHECKS=@@FOREIGN_KEY_CHECKS, FOREIGN_KEY_CHECKS=0 */;
/*!40101 SET @OLD_SQL_MODE=@@SQL_MODE, SQL_MODE='NO_AUTO_VALUE_ON_ZERO' */;
/*!40111 SET @OLD_SQL_NOTES=@@SQL_NOTES, SQL_NOTES=0 */;
CREATE DATABASE /*!32312 IF NOT EXISTS*/`zhulin` /*!40100 DEFAULT CHARACTER SET utf8 */;

USE `zhulin`;

/*Table structure for table `apply_finance` */

DROP TABLE IF EXISTS `apply_finance`;

CREATE TABLE `apply_finance` (
  `id` int(11) NOT NULL AUTO_INCREMENT COMMENT '写手申请打款',
  `money` decimal(10,2) NOT NULL COMMENT '申请金额',
  `user_id` int(11) NOT NULL COMMENT '用户Id',
  `created_at` timestamp NULL DEFAULT CURRENT_TIMESTAMP,
  `updated_at` timestamp NULL DEFAULT CURRENT_TIMESTAMP ON UPDATE CURRENT_TIMESTAMP,
  `status` tinyint(1) NOT NULL DEFAULT '0' COMMENT '0-待打款，1-已打款',
  PRIMARY KEY (`id`)
) ENGINE=InnoDB AUTO_INCREMENT=5 DEFAULT CHARSET=utf8;

/*Data for the table `apply_finance` */

insert  into `apply_finance`(`id`,`money`,`user_id`,`created_at`,`updated_at`,`status`) values (1,'-90.00',2,'2018-09-14 11:25:08','2018-09-14 11:25:08',0),(3,'32.00',8,'2018-09-24 22:08:07','2018-09-24 22:21:11',1),(4,'3.00',8,'2018-09-24 22:27:17','2018-09-24 22:27:50',1);

/*Table structure for table `limit_time` */

DROP TABLE IF EXISTS `limit_time`;

CREATE TABLE `limit_time` (
  `id` int(11) NOT NULL AUTO_INCREMENT,
  `limit_time` int(11) DEFAULT NULL COMMENT '限制小时',
  `created_at` timestamp NULL DEFAULT CURRENT_TIMESTAMP,
  `updated_at` timestamp NULL DEFAULT CURRENT_TIMESTAMP ON UPDATE CURRENT_TIMESTAMP,
  `user_id` int(11) DEFAULT NULL,
  PRIMARY KEY (`id`)
) ENGINE=InnoDB AUTO_INCREMENT=2 DEFAULT CHARSET=utf8 COMMENT='文章领域';

/*Data for the table `limit_time` */

insert  into `limit_time`(`id`,`limit_time`,`created_at`,`updated_at`,`user_id`) values (1,4,'2018-09-20 17:09:13','2018-09-24 18:56:20',6);

/*Table structure for table `order` */

DROP TABLE IF EXISTS `order`;

CREATE TABLE `order` (
  `id` int(11) NOT NULL AUTO_INCREMENT,
  `order_code` varchar(30) CHARACTER SET utf8 COLLATE utf8_general_ci DEFAULT NULL COMMENT '订单号',
  `order_status` tinyint(1) NOT NULL DEFAULT '0' COMMENT '0：待审核 1：发布中 2：已完成 3：待点评 4：商家已打款5：取消 6：已截稿 7：管理员已完成（已打款）,8-审核未通过',
  `pay_type` tinyint(1) DEFAULT NULL COMMENT '1、微信 2、支付宝 3、银联 4、余额 5、现金 6、chinaPay',
  `user_id` int(11) DEFAULT NULL COMMENT '用户id',
  `total` int(11) DEFAULT '0' COMMENT '数量',
  `merchant_price` decimal(20,2) DEFAULT '0.00' COMMENT '商家价格',
  `admin_price` decimal(20,2) NOT NULL DEFAULT '0.00' COMMENT '管理员价格',
  `eassy_type` varchar(255) CHARACTER SET utf8 COLLATE utf8_general_ci NOT NULL COMMENT '文章领域',
  `notes` varchar(1024) DEFAULT NULL COMMENT '备注',
  `created_at` timestamp NULL DEFAULT CURRENT_TIMESTAMP,
  `updated_at` timestamp NULL DEFAULT CURRENT_TIMESTAMP ON UPDATE CURRENT_TIMESTAMP,
  `order_title` varchar(255) DEFAULT NULL COMMENT '文章标题',
  `original_level` double(10,2) DEFAULT '0.00' COMMENT '原创度',
  `picture` int(3) DEFAULT NULL COMMENT '图片数量要求',
  `type` tinyint(1) DEFAULT NULL COMMENT '0-流量文，1-养号文',
  `end_time` timestamp NULL DEFAULT NULL COMMENT '截止日期',
  `require` varchar(1024) DEFAULT NULL COMMENT '要求',
  `eassy_total` int(3) DEFAULT NULL COMMENT '文章数量',
  `word_count` varchar(8) DEFAULT NULL COMMENT '文章字数',
  `result` varchar(1024) CHARACTER SET utf8 COLLATE utf8_general_ci DEFAULT NULL COMMENT '审核结果',
  `appoint_total` int(2) NOT NULL DEFAULT '0' COMMENT '已预约数量',
  `admin_end_time` timestamp NULL DEFAULT NULL COMMENT '管理员设定的截稿时间',
  PRIMARY KEY (`id`)
) ENGINE=InnoDB AUTO_INCREMENT=25741 DEFAULT CHARSET=utf8;

/*Data for the table `order` */

insert  into `order`(`id`,`order_code`,`order_status`,`pay_type`,`user_id`,`total`,`merchant_price`,`admin_price`,`eassy_type`,`notes`,`created_at`,`updated_at`,`order_title`,`original_level`,`picture`,`type`,`end_time`,`require`,`eassy_total`,`word_count`,`result`,`appoint_total`,`admin_end_time`) values (25731,'33',4,NULL,NULL,0,'0.00','3.00','1',NULL,'2018-08-28 19:28:36','2018-09-21 23:42:17',NULL,322.00,NULL,NULL,NULL,NULL,NULL,NULL,NULL,0,NULL),(25733,'1535791959241743',6,NULL,2,6,'14.00','12.00','aaa',NULL,'2018-09-01 16:52:39','2018-09-22 23:11:22','bbb',43.00,3,0,'2018-09-24 00:00:00','3',NULL,'1','',6,'2018-09-23 00:00:00'),(25737,'1536563152534362',6,NULL,2,6,'21.00','33.00','风景','ff','2018-09-10 15:05:52','2018-09-24 15:21:15','我看风景2',43.00,2,0,'2018-09-13 00:00:00','434',8,'2000','',3,'2018-09-13 00:00:00'),(25738,'1537435997628655',6,NULL,2,2,'12.00','0.00','科技','ff','2018-09-20 17:33:17','2018-09-22 23:11:47','bbb',43.00,3,0,'2018-09-25 00:00:00','3',5,'1',NULL,1,'2018-09-27 00:00:00'),(25739,'1537605591950820',1,NULL,7,6,'121.00','121.00','风情人物','ff','2018-09-22 16:39:51','2018-09-24 23:10:50','泰山',32.00,2,0,'2018-12-01 00:00:00','434',4,'2000','',5,'2018-09-30 00:00:00'),(25740,'1537787164909319',0,NULL,7,9,'10.00','9.00','卡通','卡通十篇','2018-09-24 19:06:04','2018-09-24 21:31:34','卡通人物',89.00,2,0,'2018-10-01 00:00:00','海绵宝宝',NULL,'2000','',2,'2018-09-30 00:00:00');

/*Table structure for table `order_essay` */

DROP TABLE IF EXISTS `order_essay`;

CREATE TABLE `order_essay` (
  `id` int(11) NOT NULL AUTO_INCREMENT,
  `user_order_id` int(11) NOT NULL COMMENT '用户订单号id',
  `order_code` varchar(255) DEFAULT NULL COMMENT '订单号',
  `essay_title` varchar(255) CHARACTER SET utf8 COLLATE utf8_general_ci DEFAULT NULL COMMENT '文章标题',
  `eassy_file` varchar(255) DEFAULT NULL COMMENT '文件路径',
  `original_level` double(10,2) DEFAULT '0.00' COMMENT '原创度',
  `picture_total` int(5) DEFAULT NULL COMMENT '图片数量',
  `picture_id` int(11) DEFAULT NULL COMMENT '图片id',
  `notes` varchar(1024) DEFAULT NULL COMMENT '备注',
  `created_at` timestamp NULL DEFAULT CURRENT_TIMESTAMP,
  `updated_at` timestamp NULL DEFAULT CURRENT_TIMESTAMP ON UPDATE CURRENT_TIMESTAMP,
  `status` tinyint(1) DEFAULT '0' COMMENT '0-待管理员审核，1-商家退稿，2-收稿成功，3-商家已打款，4待商家审核，5管理员退稿，6管理员已打款',
  `result` varchar(1024) CHARACTER SET utf8 COLLATE utf8_general_ci DEFAULT ' ' COMMENT '审核结果',
  PRIMARY KEY (`id`)
) ENGINE=InnoDB AUTO_INCREMENT=9 DEFAULT CHARSET=utf8;

/*Data for the table `order_essay` */

insert  into `order_essay`(`id`,`user_order_id`,`order_code`,`essay_title`,`eassy_file`,`original_level`,`picture_total`,`picture_id`,`notes`,`created_at`,`updated_at`,`status`,`result`) values (1,5,'1536563152534362','2','2',99.00,NULL,NULL,NULL,'2018-09-10 16:35:52','2018-09-22 12:04:01',2,'aaaa'),(3,8,'1535791959241743','hahha ','1537502212065aaaa.rar',20.00,28,NULL,NULL,'2018-09-21 11:56:53','2018-09-22 14:47:52',2,'tg'),(4,12,'1537605591950820','ddd','kkkk.rar',65.00,NULL,NULL,NULL,'2018-09-22 20:35:18','2018-09-22 20:40:49',2,'通过'),(5,15,'1537787164909319','派大星','1537789256876aaaa.rar',32.00,28,NULL,NULL,'2018-09-24 19:35:47','2018-09-24 20:57:19',1,'不通过'),(8,15,'1537787164909319','派大星2','1537791496026李荣浩，颜值不算高，但是才华绝对让你无话可说的歌手.zip',32.00,7,NULL,NULL,'2018-09-24 20:18:18','2018-09-24 20:57:26',2,'通过');

/*Table structure for table `permission` */

DROP TABLE IF EXISTS `permission`;

CREATE TABLE `permission` (
  `id` int(11) NOT NULL AUTO_INCREMENT COMMENT '权限id',
  `code` varchar(50) NOT NULL COMMENT '权限码',
  `name` varchar(50) DEFAULT NULL COMMENT '权限名',
  `description` varchar(100) DEFAULT NULL COMMENT '权限描述',
  `system_id` int(11) NOT NULL COMMENT '系统id',
  `pid` int(11) DEFAULT NULL COMMENT '父id',
  `created_at` timestamp NULL DEFAULT CURRENT_TIMESTAMP,
  `updated_at` timestamp NULL DEFAULT CURRENT_TIMESTAMP ON UPDATE CURRENT_TIMESTAMP,
  PRIMARY KEY (`id`),
  UNIQUE KEY `uk_code_system` (`code`,`system_id`)
) ENGINE=InnoDB AUTO_INCREMENT=324 DEFAULT CHARSET=utf8;

/*Data for the table `permission` */

insert  into `permission`(`id`,`code`,`name`,`description`,`system_id`,`pid`,`created_at`,`updated_at`) values (1,'ORDER','订单管理','',1,NULL,'2018-09-14 17:55:05','2018-09-14 17:57:11'),(2,'ORDINARY_USER','普通用户管理','',1,NULL,'2018-09-14 17:55:05','2018-09-14 17:57:11'),(3,'WRITER_ORDER','我的订单','',1,NULL,'2018-09-14 17:55:05','2018-09-14 17:57:11'),(4,'APPLY_FINANCE','资金申请','',1,NULL,'2018-09-14 17:55:05','2018-09-14 17:57:11'),(5,'ADMIN_USER','管理员用户管理','',1,NULL,'2018-09-14 17:55:05','2018-09-14 17:57:11'),(11,'DISTRIBUTE_ORDER','分配订单','',1,NULL,'2018-09-14 18:48:33','2018-09-17 19:13:19');

/*Table structure for table `picture` */

DROP TABLE IF EXISTS `picture`;

CREATE TABLE `picture` (
  `id` int(11) NOT NULL AUTO_INCREMENT,
  `picture_pixel` varchar(30) NOT NULL COMMENT '图片像素',
  `picture_name` varchar(255) DEFAULT NULL COMMENT '图片名称',
  `order_eassy_id` int(11) DEFAULT NULL COMMENT '文章id',
  `notes` varchar(1024) DEFAULT NULL COMMENT '备注',
  `created_at` timestamp NOT NULL DEFAULT CURRENT_TIMESTAMP,
  `updated_at` timestamp NOT NULL DEFAULT CURRENT_TIMESTAMP ON UPDATE CURRENT_TIMESTAMP,
  PRIMARY KEY (`id`)
) ENGINE=InnoDB AUTO_INCREMENT=155 DEFAULT CHARSET=utf8;

/*Data for the table `picture` */

insert  into `picture`(`id`,`picture_pixel`,`picture_name`,`order_eassy_id`,`notes`,`created_at`,`updated_at`) values (36,'640×427图片大小50267.44921875M','1537433667996443.jpg',2,NULL,'2018-09-20 16:54:28','2018-09-20 16:54:28'),(37,'776×547图片大小50267.44921875M','1537433667999300.jpg',2,NULL,'2018-09-20 16:54:28','2018-09-20 16:54:28'),(38,'580×386图片大小50267.44921875M','1537433668022479.jpg',2,NULL,'2018-09-20 16:54:28','2018-09-20 16:54:28'),(39,'600×337图片大小50267.44921875M','1537433668023049.jpg',2,NULL,'2018-09-20 16:54:28','2018-09-20 16:54:28'),(40,'550×366图片大小50267.44921875M','1537433668024709.jpg',2,NULL,'2018-09-20 16:54:28','2018-09-20 16:54:28'),(41,'727×430图片大小50267.44921875M','1537433668025556.jpg',2,NULL,'2018-09-20 16:54:28','2018-09-20 16:54:28'),(42,'1366×736图片大小50267.44921875M','1537433668038930.png',2,NULL,'2018-09-20 16:54:28','2018-09-20 16:54:28'),(43,'640×427图片大小50267.44921875M','1537433668045270.jpg',2,NULL,'2018-09-20 16:54:28','2018-09-20 16:54:28'),(44,'776×547图片大小50267.44921875M','1537433668047172.jpg',2,NULL,'2018-09-20 16:54:28','2018-09-20 16:54:28'),(45,'580×386图片大小50267.44921875M','1537433668059897.jpg',2,NULL,'2018-09-20 16:54:28','2018-09-20 16:54:28'),(46,'600×337图片大小50267.44921875M','1537433668065756.jpg',2,NULL,'2018-09-20 16:54:28','2018-09-20 16:54:28'),(47,'550×366图片大小50267.44921875M','1537433668067721.jpg',2,NULL,'2018-09-20 16:54:28','2018-09-20 16:54:28'),(48,'727×430图片大小50267.44921875M','1537433668068750.jpg',2,NULL,'2018-09-20 16:54:28','2018-09-20 16:54:28'),(49,'1366×736图片大小50267.44921875M','1537433668078428.png',2,NULL,'2018-09-20 16:54:28','2018-09-20 16:54:28'),(50,'640×427图片大小50267.44921875M','1537433668217558.jpg',2,NULL,'2018-09-20 16:54:28','2018-09-20 16:54:28'),(51,'776×547图片大小50267.44921875M','1537433668220167.jpg',2,NULL,'2018-09-20 16:54:28','2018-09-20 16:54:28'),(52,'580×386图片大小50267.44921875M','1537433668243388.jpg',2,NULL,'2018-09-20 16:54:28','2018-09-20 16:54:28'),(53,'600×337图片大小50267.44921875M','1537433668244227.jpg',2,NULL,'2018-09-20 16:54:28','2018-09-20 16:54:28'),(54,'550×366图片大小50267.44921875M','1537433668246774.jpg',2,NULL,'2018-09-20 16:54:28','2018-09-20 16:54:28'),(55,'727×430图片大小50267.44921875M','1537433668260425.jpg',2,NULL,'2018-09-20 16:54:28','2018-09-20 16:54:28'),(56,'1366×736图片大小50267.44921875M','1537433668269201.png',2,NULL,'2018-09-20 16:54:28','2018-09-20 16:54:28'),(57,'640×427图片大小50267.44921875M','1537433668289371.jpg',2,NULL,'2018-09-20 16:54:28','2018-09-20 16:54:28'),(58,'776×547图片大小50267.44921875M','1537433668292881.jpg',2,NULL,'2018-09-20 16:54:28','2018-09-20 16:54:28'),(59,'580×386图片大小50267.44921875M','1537433668310485.jpg',2,NULL,'2018-09-20 16:54:28','2018-09-20 16:54:28'),(60,'600×337图片大小50267.44921875M','1537433668312692.jpg',2,NULL,'2018-09-20 16:54:28','2018-09-20 16:54:28'),(61,'550×366图片大小50267.44921875M','1537433668313912.jpg',2,NULL,'2018-09-20 16:54:28','2018-09-20 16:54:28'),(62,'727×430图片大小50267.44921875M','1537433668314473.jpg',2,NULL,'2018-09-20 16:54:28','2018-09-20 16:54:28'),(63,'1366×736图片大小50267.44921875M','1537433668344095.png',2,NULL,'2018-09-20 16:54:28','2018-09-20 16:54:28'),(64,'640×427图片大小50267.44921875M','1537502213849326.jpg',3,NULL,'2018-09-21 11:56:55','2018-09-21 11:56:55'),(65,'776×547图片大小50267.44921875M','1537502213987524.jpg',3,NULL,'2018-09-21 11:56:55','2018-09-21 11:56:55'),(66,'580×386图片大小50267.44921875M','1537502214040594.jpg',3,NULL,'2018-09-21 11:56:55','2018-09-21 11:56:55'),(67,'600×337图片大小50267.44921875M','1537502214042409.jpg',3,NULL,'2018-09-21 11:56:55','2018-09-21 11:56:55'),(68,'550×366图片大小50267.44921875M','1537502214044004.jpg',3,NULL,'2018-09-21 11:56:55','2018-09-21 11:56:55'),(69,'727×430图片大小50267.44921875M','1537502214045367.jpg',3,NULL,'2018-09-21 11:56:55','2018-09-21 11:56:55'),(70,'1366×736图片大小50267.44921875M','1537502214108581.png',3,NULL,'2018-09-21 11:56:55','2018-09-21 11:56:55'),(71,'640×427图片大小50267.44921875M','1537502214129947.jpg',3,NULL,'2018-09-21 11:56:55','2018-09-21 11:56:55'),(72,'776×547图片大小50267.44921875M','1537502214148596.jpg',3,NULL,'2018-09-21 11:56:55','2018-09-21 11:56:55'),(73,'580×386图片大小50267.44921875M','1537502214185422.jpg',3,NULL,'2018-09-21 11:56:55','2018-09-21 11:56:55'),(74,'600×337图片大小50267.44921875M','1537502214195084.jpg',3,NULL,'2018-09-21 11:56:55','2018-09-21 11:56:55'),(75,'550×366图片大小50267.44921875M','1537502214197295.jpg',3,NULL,'2018-09-21 11:56:55','2018-09-21 11:56:55'),(76,'727×430图片大小50267.44921875M','1537502214197875.jpg',3,NULL,'2018-09-21 11:56:55','2018-09-21 11:56:55'),(77,'1366×736图片大小50267.44921875M','1537502214239731.png',3,NULL,'2018-09-21 11:56:55','2018-09-21 11:56:55'),(78,'640×427图片大小50267.44921875M','1537502214276473.jpg',3,NULL,'2018-09-21 11:56:55','2018-09-21 11:56:55'),(79,'776×547图片大小50267.44921875M','1537502214281084.jpg',3,NULL,'2018-09-21 11:56:55','2018-09-21 11:56:55'),(80,'580×386图片大小50267.44921875M','1537502214323868.jpg',3,NULL,'2018-09-21 11:56:55','2018-09-21 11:56:55'),(81,'600×337图片大小50267.44921875M','1537502214325118.jpg',3,NULL,'2018-09-21 11:56:55','2018-09-21 11:56:55'),(82,'550×366图片大小50267.44921875M','1537502214327334.jpg',3,NULL,'2018-09-21 11:56:55','2018-09-21 11:56:55'),(83,'727×430图片大小50267.44921875M','1537502214346112.jpg',3,NULL,'2018-09-21 11:56:55','2018-09-21 11:56:55'),(84,'1366×736图片大小50267.44921875M','1537502214374249.png',3,NULL,'2018-09-21 11:56:55','2018-09-21 11:56:55'),(85,'640×427图片大小50267.44921875M','1537502214395798.jpg',3,NULL,'2018-09-21 11:56:55','2018-09-21 11:56:55'),(86,'776×547图片大小50267.44921875M','1537502214399796.jpg',3,NULL,'2018-09-21 11:56:55','2018-09-21 11:56:55'),(87,'580×386图片大小50267.44921875M','1537502214451830.jpg',3,NULL,'2018-09-21 11:56:55','2018-09-21 11:56:55'),(88,'600×337图片大小50267.44921875M','1537502214462295.jpg',3,NULL,'2018-09-21 11:56:55','2018-09-21 11:56:55'),(89,'550×366图片大小50267.44921875M','1537502214464851.jpg',3,NULL,'2018-09-21 11:56:55','2018-09-21 11:56:55'),(90,'727×430图片大小50267.44921875M','1537502214465383.jpg',3,NULL,'2018-09-21 11:56:55','2018-09-21 11:56:55'),(91,'1366×736图片大小50267.44921875M','1537502214490005.png',3,NULL,'2018-09-21 11:56:55','2018-09-21 11:56:55'),(120,'640×427图片大小50267.44921875M','1537789258304837.jpg',5,NULL,'2018-09-24 19:40:58','2018-09-24 19:40:58'),(121,'776×547图片大小50267.44921875M','1537789258314954.jpg',5,NULL,'2018-09-24 19:40:58','2018-09-24 19:40:58'),(122,'580×386图片大小50267.44921875M','1537789258337140.jpg',5,NULL,'2018-09-24 19:40:58','2018-09-24 19:40:58'),(123,'600×337图片大小50267.44921875M','1537789258339042.jpg',5,NULL,'2018-09-24 19:40:58','2018-09-24 19:40:58'),(124,'550×366图片大小50267.44921875M','1537789258340750.jpg',5,NULL,'2018-09-24 19:40:58','2018-09-24 19:40:58'),(125,'727×430图片大小50267.44921875M','1537789258357996.jpg',5,NULL,'2018-09-24 19:40:58','2018-09-24 19:40:58'),(126,'1366×736图片大小50267.44921875M','1537789258366166.png',5,NULL,'2018-09-24 19:40:58','2018-09-24 19:40:58'),(127,'640×427图片大小50267.44921875M','1537789258384891.jpg',5,NULL,'2018-09-24 19:40:58','2018-09-24 19:40:58'),(128,'776×547图片大小50267.44921875M','1537789258387492.jpg',5,NULL,'2018-09-24 19:40:58','2018-09-24 19:40:58'),(129,'580×386图片大小50267.44921875M','1537789258421888.jpg',5,NULL,'2018-09-24 19:40:58','2018-09-24 19:40:58'),(130,'600×337图片大小50267.44921875M','1537789258430811.jpg',5,NULL,'2018-09-24 19:40:58','2018-09-24 19:40:58'),(131,'550×366图片大小50267.44921875M','1537789258431193.jpg',5,NULL,'2018-09-24 19:40:58','2018-09-24 19:40:58'),(132,'727×430图片大小50267.44921875M','1537789258432499.jpg',5,NULL,'2018-09-24 19:40:58','2018-09-24 19:40:58'),(133,'1366×736图片大小50267.44921875M','1537789258442223.png',5,NULL,'2018-09-24 19:40:58','2018-09-24 19:40:58'),(134,'640×427图片大小50267.44921875M','1537789258448618.jpg',5,NULL,'2018-09-24 19:40:58','2018-09-24 19:40:58'),(135,'776×547图片大小50267.44921875M','1537789258457693.jpg',5,NULL,'2018-09-24 19:40:58','2018-09-24 19:40:58'),(136,'580×386图片大小50267.44921875M','1537789258469956.jpg',5,NULL,'2018-09-24 19:40:58','2018-09-24 19:40:58'),(137,'600×337图片大小50267.44921875M','1537789258470941.jpg',5,NULL,'2018-09-24 19:40:58','2018-09-24 19:40:58'),(138,'550×366图片大小50267.44921875M','1537789258471493.jpg',5,NULL,'2018-09-24 19:40:58','2018-09-24 19:40:58'),(139,'727×430图片大小50267.44921875M','1537789258472151.jpg',5,NULL,'2018-09-24 19:40:58','2018-09-24 19:40:58'),(140,'1366×736图片大小50267.44921875M','1537789258481348.png',5,NULL,'2018-09-24 19:40:59','2018-09-24 19:40:59'),(141,'640×427图片大小50267.44921875M','1537789258505431.jpg',5,NULL,'2018-09-24 19:40:59','2018-09-24 19:40:59'),(142,'776×547图片大小50267.44921875M','1537789258508561.jpg',5,NULL,'2018-09-24 19:40:59','2018-09-24 19:40:59'),(143,'580×386图片大小50267.44921875M','1537789258535216.jpg',5,NULL,'2018-09-24 19:40:59','2018-09-24 19:40:59'),(144,'600×337图片大小50267.44921875M','1537789258537138.jpg',5,NULL,'2018-09-24 19:40:59','2018-09-24 19:40:59'),(145,'550×366图片大小50267.44921875M','1537789258550824.jpg',5,NULL,'2018-09-24 19:40:59','2018-09-24 19:40:59'),(146,'727×430图片大小50267.44921875M','1537789258555819.jpg',5,NULL,'2018-09-24 19:40:59','2018-09-24 19:40:59'),(147,'1366×736图片大小50267.44921875M','1537789258563890.png',5,NULL,'2018-09-24 19:40:59','2018-09-24 19:40:59'),(148,'640×427图片大小49.0888671875M','15377914981052345_image_file_copy_27.jpg',8,NULL,'2018-09-24 20:18:18','2018-09-24 20:18:18'),(149,'776×547图片大小49.0888671875M','15377914981312345_image_file_copy_28.jpg',8,NULL,'2018-09-24 20:18:18','2018-09-24 20:18:18'),(150,'580×386图片大小49.0888671875M','15377914981442345_image_file_copy_29.jpg',8,NULL,'2018-09-24 20:18:18','2018-09-24 20:18:18'),(151,'600×337图片大小49.0888671875M','15377914981452345_image_file_copy_30.jpg',8,NULL,'2018-09-24 20:18:18','2018-09-24 20:18:18'),(152,'550×366图片大小49.0888671875M','15377914981452345_image_file_copy_31.jpg',8,NULL,'2018-09-24 20:18:18','2018-09-24 20:18:18'),(153,'727×430图片大小49.0888671875M','15377914981462345_image_file_copy_32.jpg',8,NULL,'2018-09-24 20:18:18','2018-09-24 20:18:18'),(154,'1366×736图片大小49.0888671875M','1537791498169O$WV4}ESW5MO$KM`5WE7FDG.png',8,NULL,'2018-09-24 20:18:18','2018-09-24 20:18:18');

/*Table structure for table `role` */

DROP TABLE IF EXISTS `role`;

CREATE TABLE `role` (
  `id` int(11) NOT NULL AUTO_INCREMENT COMMENT '角色id',
  `name` varchar(50) NOT NULL COMMENT '角色名称',
  `enabled` bit(1) NOT NULL DEFAULT b'1',
  `created_at` timestamp NULL DEFAULT CURRENT_TIMESTAMP,
  `updated_at` timestamp NULL DEFAULT CURRENT_TIMESTAMP ON UPDATE CURRENT_TIMESTAMP,
  PRIMARY KEY (`id`)
) ENGINE=InnoDB AUTO_INCREMENT=5 DEFAULT CHARSET=utf8;

/*Data for the table `role` */

insert  into `role`(`id`,`name`,`enabled`,`created_at`,`updated_at`) values (1,'写手','','2018-09-14 18:29:31','2018-09-14 18:29:31'),(2,'管理员','','2018-09-14 18:29:43','2018-09-14 18:29:43'),(3,'商家','','2018-09-14 18:32:07','2018-09-14 18:32:07'),(4,'超级管理员','','2018-09-14 18:32:16','2018-09-14 18:32:16');

/*Table structure for table `role_permission` */

DROP TABLE IF EXISTS `role_permission`;

CREATE TABLE `role_permission` (
  `id` int(11) NOT NULL AUTO_INCREMENT COMMENT '角色权限id',
  `role_id` int(11) NOT NULL COMMENT '角色id',
  `permission_id` int(11) NOT NULL COMMENT '权限id',
  `created_at` timestamp NULL DEFAULT CURRENT_TIMESTAMP,
  PRIMARY KEY (`id`)
) ENGINE=InnoDB AUTO_INCREMENT=8 DEFAULT CHARSET=utf8;

/*Data for the table `role_permission` */

insert  into `role_permission`(`id`,`role_id`,`permission_id`,`created_at`) values (1,1,3,'2018-09-14 18:28:39'),(2,1,4,'2018-09-14 18:28:43'),(3,2,1,'2018-09-14 18:29:56'),(4,2,2,'2018-09-14 18:29:59'),(5,3,1,'2018-09-14 18:32:35'),(6,4,5,'2018-09-14 18:32:43'),(7,2,3,'2018-09-14 18:46:15');

/*Table structure for table `trade_record` */

DROP TABLE IF EXISTS `trade_record`;

CREATE TABLE `trade_record` (
  `id` int(11) NOT NULL AUTO_INCREMENT,
  `user_id` int(11) NOT NULL COMMENT '用户订单号id',
  `trade_info` varchar(50) CHARACTER SET utf8 COLLATE utf8_general_ci DEFAULT NULL COMMENT '交易信息',
  `money` decimal(10,2) DEFAULT '0.00' COMMENT '商家价格',
  `created_at` timestamp NULL DEFAULT CURRENT_TIMESTAMP,
  `trade_code` varchar(100) CHARACTER SET utf8 COLLATE utf8_general_ci DEFAULT NULL COMMENT '交易相关码',
  PRIMARY KEY (`id`)
) ENGINE=InnoDB AUTO_INCREMENT=37 DEFAULT CHARSET=utf8;

/*Data for the table `trade_record` */

insert  into `trade_record`(`id`,`user_id`,`trade_info`,`money`,`created_at`,`trade_code`) values (27,7,'打款给管理员,订单号为：1537605591950820','-121.00','2018-09-22 20:49:00','8142b3a1-84e5-4780-82e9-77822d9dacc4'),(28,6,'商家15736883328打款,订单号为：1537605591950820','121.00','2018-09-22 20:49:00','8142b3a1-84e5-4780-82e9-77822d9dacc4'),(29,8,'文章收入，订单号为：1537605591950820','121.00','2018-09-22 20:49:00','8142b3a1-84e5-4780-82e9-77822d9dacc4'),(30,7,'打款给管理员,订单号为：1537787164909319','-10.00','2018-09-24 21:04:07','59875742-d9c2-4198-9a98-2c3efc5dd62a'),(31,6,'商家15736883328打款,订单号为：1537787164909319','10.00','2018-09-24 21:04:07','59875742-d9c2-4198-9a98-2c3efc5dd62a'),(32,8,'文章收入，订单号为：1537787164909319','9.00','2018-09-24 21:04:07','59875742-d9c2-4198-9a98-2c3efc5dd62a'),(33,6,'打款给15110284112','98.00','2018-09-24 22:21:11','37d5872b-545f-47e4-94c2-de970ec9f538'),(34,8,'提现','98.00','2018-09-24 22:21:11','37d5872b-545f-47e4-94c2-de970ec9f538'),(35,6,'打款给15110284112','-3.00','2018-09-24 22:27:50','58fb1000-f42d-4c61-b929-4a2f287fd379'),(36,8,'提现','-3.00','2018-09-24 22:27:50','58fb1000-f42d-4c61-b929-4a2f287fd379');

/*Table structure for table `user` */

DROP TABLE IF EXISTS `user`;

CREATE TABLE `user` (
  `id` int(11) NOT NULL AUTO_INCREMENT COMMENT '用户id',
  `account` varchar(50) NOT NULL,
  `name` varchar(50) CHARACTER SET utf8 COLLATE utf8_general_ci DEFAULT NULL COMMENT '用户名称',
  `password` varchar(50) NOT NULL COMMENT '用户密码',
  `qq` varchar(15) DEFAULT NULL COMMENT 'qq号',
  `we_chat` varchar(50) CHARACTER SET utf8 COLLATE utf8_general_ci DEFAULT NULL COMMENT '微信号',
  `code` varchar(50) CHARACTER SET utf8 COLLATE utf8_general_ci DEFAULT NULL COMMENT '用户编码',
  `address` varchar(255) DEFAULT NULL COMMENT '用户地址',
  `status` tinyint(1) NOT NULL DEFAULT '1' COMMENT '1-待提交信息，2-待审核，3-审核成功，4-审核失败，5-禁用',
  `credit_level` int(11) DEFAULT '100' COMMENT '信用等级',
  `type` tinyint(1) NOT NULL COMMENT '用户身份(1-超级管理员，2-管理员，3-商家，4-写手)',
  `pid` int(11) DEFAULT NULL COMMENT '用户所属id',
  `created_at` timestamp NULL DEFAULT CURRENT_TIMESTAMP,
  `updated_at` timestamp NULL DEFAULT CURRENT_TIMESTAMP ON UPDATE CURRENT_TIMESTAMP,
  `number` varchar(60) DEFAULT NULL COMMENT '编号',
  `remark` text COMMENT '备注',
  `sex` int(2) DEFAULT NULL COMMENT '性别：0-男，1-女',
  `age` int(2) DEFAULT NULL COMMENT '年龄',
  `profession` varchar(50) DEFAULT NULL COMMENT '职业',
  `good` varchar(100) DEFAULT NULL COMMENT '擅长领域',
  `full_time` int(1) DEFAULT NULL COMMENT '0-全职，1-兼职',
  `pay_picture` varchar(100) DEFAULT NULL COMMENT '支付宝二维码',
  `start_level` int(1) DEFAULT NULL COMMENT '用户星级别',
  `email` varchar(50) DEFAULT NULL COMMENT '邮箱',
  `result` varchar(255) DEFAULT NULL COMMENT '审核结果',
  PRIMARY KEY (`id`),
  UNIQUE KEY `uk_account` (`account`),
  UNIQUE KEY `uk_number` (`number`) USING BTREE
) ENGINE=InnoDB AUTO_INCREMENT=12 DEFAULT CHARSET=utf8;

/*Data for the table `user` */

insert  into `user`(`id`,`account`,`name`,`password`,`qq`,`we_chat`,`code`,`address`,`status`,`credit_level`,`type`,`pid`,`created_at`,`updated_at`,`number`,`remark`,`sex`,`age`,`profession`,`good`,`full_time`,`pay_picture`,`start_level`,`email`,`result`) values (3,'15736883327','a','e10adc3949ba59abbe56e057f20f883e',NULL,NULL,NULL,NULL,3,100,4,6,'2018-09-09 23:36:19','2018-09-22 17:52:16',NULL,NULL,NULL,NULL,NULL,NULL,NULL,NULL,NULL,'ayaoyuan@aliyun.com',NULL),(6,'15736883328','aYao','e10adc3949ba59abbe56e057f20f883e',NULL,NULL,'123456',NULL,3,100,2,NULL,'2018-09-22 15:27:35','2018-09-24 17:20:31','9634b960-d347-4d09-b423-59e1eb157a54',NULL,NULL,NULL,NULL,NULL,NULL,NULL,NULL,NULL,NULL),(7,'15731112864','dd','e10adc3949ba59abbe56e057f20f883e','12345633',NULL,NULL,'北京',3,100,3,6,'2018-09-22 15:33:52','2018-09-22 16:30:42','0adc12a4-afc0-41ad-86de-7448aed66ff6',NULL,0,21,'java','33',0,NULL,NULL,'ayaoyuan@aliyun.com','信息不全'),(8,'15110284112','写手','e10adc3949ba59abbe56e057f20f883e','12345633','hfsjfksjf33',NULL,'北京',3,100,4,6,'2018-09-22 18:01:35','2018-09-24 21:33:01','ebf98716-0fac-4b3b-b8e6-ec069caffc3a',NULL,1,21,'java','33',1,NULL,NULL,'ayaoyuan@aliyun.com','成'),(9,'15081128239','key','e10adc3949ba59abbe56e057f20f883e',NULL,'hfsjfksjf33','12345',NULL,3,100,2,NULL,'2018-09-22 22:02:07','2018-09-24 19:28:54','cfe0e45a-9e17-4471-9e51-f65a400a236a',NULL,NULL,NULL,NULL,NULL,NULL,NULL,NULL,NULL,NULL),(10,'15081128235','value','e10adc3949ba59abbe56e057f20f883e',NULL,'hfsjfksjf33','1234',NULL,3,100,2,NULL,'2018-09-22 22:27:49','2018-09-24 19:28:56','ed489873-bfc3-4d8a-909c-c5c5c1e54fb2',NULL,NULL,NULL,NULL,NULL,NULL,NULL,NULL,NULL,NULL);

/*Table structure for table `user_money` */

DROP TABLE IF EXISTS `user_money`;

CREATE TABLE `user_money` (
  `id` int(11) NOT NULL AUTO_INCREMENT COMMENT '用户余额表',
  `money` decimal(10,2) NOT NULL DEFAULT '0.00' COMMENT '余额',
  `user_id` int(11) NOT NULL COMMENT '用户Id',
  `created_at` timestamp NULL DEFAULT CURRENT_TIMESTAMP,
  `updated_at` timestamp NULL DEFAULT CURRENT_TIMESTAMP ON UPDATE CURRENT_TIMESTAMP,
  PRIMARY KEY (`id`),
  UNIQUE KEY `NewIndex1` (`user_id`)
) ENGINE=InnoDB AUTO_INCREMENT=8 DEFAULT CHARSET=utf8;

/*Data for the table `user_money` */

insert  into `user_money`(`id`,`money`,`user_id`,`created_at`,`updated_at`) values (1,'26.00',2,'2018-09-13 16:38:39','2018-09-22 15:00:54'),(2,'0.00',3,'2018-09-18 10:31:22','2018-09-22 11:45:09'),(3,'96.00',6,'2018-09-22 15:27:35','2018-09-24 22:27:50'),(4,'0.00',7,'2018-09-22 15:33:52','2018-09-22 15:33:52'),(5,'95.00',8,'2018-09-22 18:01:35','2018-09-24 22:27:50'),(6,'0.00',9,'2018-09-22 22:02:07','2018-09-22 22:02:07'),(7,'0.00',10,'2018-09-22 22:27:49','2018-09-22 22:27:49');

/*Table structure for table `user_order` */

DROP TABLE IF EXISTS `user_order`;

CREATE TABLE `user_order` (
  `id` int(11) NOT NULL AUTO_INCREMENT,
  `order_code` varchar(30) CHARACTER SET utf8 COLLATE utf8_general_ci DEFAULT NULL COMMENT '订单号',
  `reserve_total` int(5) NOT NULL COMMENT '预定的文章数量',
  `complete` int(5) NOT NULL DEFAULT '0' COMMENT '完成文章数量',
  `created_at` timestamp NULL DEFAULT CURRENT_TIMESTAMP,
  `updated_at` timestamp NULL DEFAULT CURRENT_TIMESTAMP ON UPDATE CURRENT_TIMESTAMP,
  `user_id` int(11) DEFAULT NULL COMMENT '用户id',
  `status` tinyint(1) DEFAULT NULL COMMENT '0待预约，1-待完成，2-已完成，3-已截稿,4-已取消',
  PRIMARY KEY (`id`),
  FULLTEXT KEY `idx_order_code` (`order_code`)
) ENGINE=InnoDB AUTO_INCREMENT=16 DEFAULT CHARSET=utf8;

/*Data for the table `user_order` */

insert  into `user_order`(`id`,`order_code`,`reserve_total`,`complete`,`created_at`,`updated_at`,`user_id`,`status`) values (1,'1',1,0,'2018-09-08 17:19:23','2018-09-21 11:56:31',NULL,NULL),(2,'2',1,0,'2018-09-08 17:19:30','2018-09-21 11:56:31',NULL,NULL),(3,'1535791959241743',1,0,'2018-09-09 23:41:10','2018-09-14 17:58:00',3,3),(4,'1535791959241743',1,0,'2018-09-09 23:42:15','2018-09-14 17:58:00',3,3),(5,'1536563152534362',2,1,'2018-09-10 15:24:59','2018-09-22 12:01:43',3,3),(6,'1536563152534362',1,0,'2018-09-10 15:25:07','2018-09-14 17:58:00',2,3),(8,'1535791959241743',1,0,'2018-09-20 16:39:13','2018-09-24 19:55:00',2,3),(9,'1535791959241743',0,0,'2018-09-20 17:06:14','2018-09-22 23:15:00',2,3),(10,'1537435997628655',1,0,'2018-09-21 11:16:49','2018-09-22 23:15:00',3,3),(11,'1535791959241743',0,0,'2018-09-21 11:35:05','2018-09-22 23:15:00',2,3),(12,'1537605591950820',3,0,'2018-09-22 18:04:03','2018-09-22 20:44:06',8,3),(13,'1537605591950820',0,0,'2018-09-23 14:19:24','2018-09-24 19:28:19',8,1),(14,'1537605591950820',0,0,'2018-09-24 15:23:53','2018-09-24 15:41:17',6,1),(15,'1537787164909319',1,2,'2018-09-24 19:22:14','2018-09-24 20:18:18',8,2);

/*Table structure for table `user_permission` */

DROP TABLE IF EXISTS `user_permission`;

CREATE TABLE `user_permission` (
  `id` int(11) NOT NULL AUTO_INCREMENT COMMENT '用户权限id',
  `user_id` int(11) NOT NULL COMMENT '用户id',
  `permission_id` int(11) NOT NULL COMMENT '权限id',
  `created_at` timestamp NULL DEFAULT CURRENT_TIMESTAMP,
  PRIMARY KEY (`id`)
) ENGINE=InnoDB DEFAULT CHARSET=utf8;

/*Data for the table `user_permission` */

/*Table structure for table `user_role` */

DROP TABLE IF EXISTS `user_role`;

CREATE TABLE `user_role` (
  `id` int(11) NOT NULL AUTO_INCREMENT COMMENT '用户角色id',
  `role_id` int(11) NOT NULL COMMENT '角色id',
  `user_id` int(11) NOT NULL COMMENT '用户id',
  `create_at` timestamp NULL DEFAULT CURRENT_TIMESTAMP,
  PRIMARY KEY (`id`)
) ENGINE=InnoDB AUTO_INCREMENT=8 DEFAULT CHARSET=utf8;

/*Data for the table `user_role` */

insert  into `user_role`(`id`,`role_id`,`user_id`,`create_at`) values (1,4,1,'2018-09-14 19:00:41'),(2,2,5,'2018-09-18 10:31:22'),(3,2,6,'2018-09-22 15:27:35'),(4,3,7,'2018-09-22 15:33:52'),(5,1,8,'2018-09-22 18:01:35'),(6,2,9,'2018-09-22 22:02:07'),(7,2,10,'2018-09-22 22:27:49');

/*!40101 SET SQL_MODE=@OLD_SQL_MODE */;
/*!40014 SET FOREIGN_KEY_CHECKS=@OLD_FOREIGN_KEY_CHECKS */;
/*!40014 SET UNIQUE_CHECKS=@OLD_UNIQUE_CHECKS */;
/*!40111 SET SQL_NOTES=@OLD_SQL_NOTES */;
